Title,Artist
I'll Catch You When You Fall,Laura Lee
Since I Fell for You,Laura Lee
It's Not What You Fall for, It's What You Stand For,Laura Lee
Women's Love Rights,Laura Lee
Rip Off,Laura Lee
What a Man,Laura Lee
Uptight Good Man,Laura Lee
Dirty Man,Laura Lee
Crumbs Off the Table,Laura Lee
Love's Got Me Tired (But I Ain't Tired of Love),Laura Lee
Caught Up,Millie Jackson
Trapped by a Thing Called Love,Denise LaSalle
Woman to Woman,Shirley Brown
I Can't Stand the Rain,Ann Peebles
Clean Up Woman,Betty Wright
I've Fallen in Love,Carla Thomas
